question1,question2
have covid numbers going down,are covid numbers increasing
have covid numbers going down,have covid cases peaked
have covid numbers going down,are covid numbers going down
are covid numbers increasing,have covid cases peaked
are covid numbers increasing,are covid numbers going down
have covid cases peaked,are covid numbers going down
which covid test is best,which covid test is more accurate
which covid test is best,which covid antibody tests are accurate
which covid test is best,which covid test is most accurate
which covid test is more accurate,which covid antibody tests are accurate
which covid test is more accurate,which covid test is most accurate
which covid antibody tests are accurate,which covid test is most accurate
can the virus that causes covid be spread through food,are food products produced in the united states or other countries affected by covid a risk for the spread of covid
can the virus that causes covid be spread through food,can food or clothes be contaminated with covid
can the virus that causes covid be spread through food,can i get covid through food
are food products produced in the united states or other countries affected by covid a risk for the spread of covid,can food or clothes be contaminated with covid
are food products produced in the united states or other countries affected by covid a risk for the spread of covid,can i get covid through food
can food or clothes be contaminated with covid,can i get covid through food
had covid mutated,does covid mutate
had covid mutated,is covid currently mutating
had covid mutated,how likely is the covid virus to mutate and when
does covid mutate,is covid currently mutating
does covid mutate,how likely is the covid virus to mutate and when
is covid currently mutating,how likely is the covid virus to mutate and when
what is the temperature required to kill covid,does covid die in freezer
what is the temperature required to kill covid,can covid live in freezer
what is the temperature required to kill covid,can covid survive in heat
does covid die in freezer,can covid live in freezer
does covid die in freezer,can covid survive in heat
can covid live in freezer,can covid survive in heat
did covid come from eating bats,what is the true origin of the covid virus and is the wuhan bat snacking hypothesis credible
did covid come from eating bats,did covid start with a bat
did covid come from eating bats,did covid come from snakes
what is the true origin of the covid virus and is the wuhan bat snacking hypothesis credible,did covid start with a bat
what is the true origin of the covid virus and is the wuhan bat snacking hypothesis credible,did covid come from snakes
did covid start with a bat,did covid come from snakes
did the covid develop in a laboratory,was covid made in a lab
did the covid develop in a laboratory,was covid engineered
did the covid develop in a laboratory,did covid start in a lab
was covid made in a lab,was covid engineered
was covid made in a lab,did covid start in a lab
was covid engineered,did covid start in a lab
do covid antibodies confer immunity,will an antibody test show whether im immune and can go back to work
do covid antibodies confer immunity,why cant they take antibodies from people who have recovered from covid to create a vaccine
do covid antibodies confer immunity,who covid immunity
will an antibody test show whether im immune and can go back to work,why cant they take antibodies from people who have recovered from covid to create a vaccine
will an antibody test show whether im immune and can go back to work,who covid immunity
why cant they take antibodies from people who have recovered from covid to create a vaccine,who covid immunity
what symptoms might people experience with covid,what are the symptoms and complications that covid can cause
what symptoms might people experience with covid,what are the symptoms of covid
what symptoms might people experience with covid,who covid symptoms
what are the symptoms and complications that covid can cause,what are the symptoms of covid
what are the symptoms and complications that covid can cause,who covid symptoms
what are the symptoms of covid,who covid symptoms
what is the source of the virus,where covid originated
what is the source of the virus,is china really the origin of covid
what is the source of the virus,where did covid come from
where covid originated,is china really the origin of covid
where covid originated,where did covid come from
is china really the origin of covid,where did covid come from
has covid been around for a while,has covid been in humans for years
has covid been around for a while,what covs were known to infect humans before december 2019
has covid been around for a while,has covid been around longer
has covid been in humans for years,what covs were known to infect humans before december 2019
has covid been in humans for years,has covid been around longer
what covs were known to infect humans before december 2019,has covid been around longer
when covid checks,have covid checks been issued
when covid checks,have covid checks gone out
when covid checks,when covid checks from government
have covid checks been issued,have covid checks gone out
have covid checks been issued,when covid checks from government
have covid checks gone out,when covid checks from government
how is covid transmitted,how does the virus spread
how is covid transmitted,how does this covid spread
how is covid transmitted,how does covid spread
how does the virus spread,how does this covid spread
how does the virus spread,how does covid spread
how does this covid spread,how does covid spread
what do you think will be the new normal after covid,how do you think is the new normal going to look like in after covid days to come
what do you think will be the new normal after covid,how is covid changing the world for better and for worse
what do you think will be the new normal after covid,what would be the aftermath of the covid outbreak
how do you think is the new normal going to look like in after covid days to come,how is covid changing the world for better and for worse
how do you think is the new normal going to look like in after covid days to come,what would be the aftermath of the covid outbreak
how is covid changing the world for better and for worse,what would be the aftermath of the covid outbreak
how covid started,what is the main cause of covid
how covid started,how covid starts
how covid started,if covid wasnt engineered how did it develop
what is the main cause of covid,how covid starts
what is the main cause of covid,if covid wasnt engineered how did it develop
how covid starts,if covid wasnt engineered how did it develop
what happens when i get covid,how covid attacks the body
what happens when i get covid,what covid does to your body
what happens when i get covid,what covid does to the body
how covid attacks the body,what covid does to your body
how covid attacks the body,what covid does to the body
what covid does to your body,what covid does to the body
are blood tests useful to diagnose covid,what type of test was initially developed to screen for covid
are blood tests useful to diagnose covid,how do testing kits for covid detect the virus
are blood tests useful to diagnose covid,what kind of test is being used to diagnose if i have covid
what type of test was initially developed to screen for covid,how do testing kits for covid detect the virus
what type of test was initially developed to screen for covid,what kind of test is being used to diagnose if i have covid
how do testing kits for covid detect the virus,what kind of test is being used to diagnose if i have covid
is covid in the air,is covid airborne or droplet
is covid in the air,is covid airborne
is covid in the air,can covid travel by wind
is covid airborne or droplet,is covid airborne
is covid airborne or droplet,can covid travel by wind
is covid airborne,can covid travel by wind
what does it mean that covid is a global pandemic,what will be the breaking point that will declare covid a pandemic
what does it mean that covid is a global pandemic,shouldnt covid be declared as a pandemic
what does it mean that covid is a global pandemic,who covid pandemic
what will be the breaking point that will declare covid a pandemic,shouldnt covid be declared as a pandemic
what will be the breaking point that will declare covid a pandemic,who covid pandemic
shouldnt covid be declared as a pandemic,who covid pandemic
why worry about covid when the flu kills so many people,why covid is worse than the flu
why worry about covid when the flu kills so many people,is covid worse then swine flu
why worry about covid when the flu kills so many people,why covid is worse than flu
why covid is worse than the flu,is covid worse then swine flu
why covid is worse than the flu,why covid is worse than flu
is covid worse then swine flu,why covid is worse than flu
do covid patients on ventilators recover,should covid patients be on ventilators
do covid patients on ventilators recover,what is the survival rate of those infected by covid who are put on a ventilator
do covid patients on ventilators recover,should covid patients be ventilated
should covid patients be on ventilators,what is the survival rate of those infected by covid who are put on a ventilator
should covid patients be on ventilators,should covid patients be ventilated
what is the survival rate of those infected by covid who are put on a ventilator,should covid patients be ventilated
when covid start,when was the first local transmission of covid reported in the united states
when covid start,when covid started
when covid start,when was the novel covid first reported
when was the first local transmission of covid reported in the united states,when covid started
when was the first local transmission of covid reported in the united states,when was the novel covid first reported
when covid started,when was the novel covid first reported
how likely is it that the covid virus was created by the chinese as a biological weapon,was covid meant to happen
how likely is it that the covid virus was created by the chinese as a biological weapon,do you think covid was injected purposely
how likely is it that the covid virus was created by the chinese as a biological weapon,is the conspiracy theory of china spreading covid legitimate
was covid meant to happen,do you think covid was injected purposely
was covid meant to happen,is the conspiracy theory of china spreading covid legitimate
do you think covid was injected purposely,is the conspiracy theory of china spreading covid legitimate
when covid lockdown ends,when covid will end
when covid lockdown ends,will covid end soon
when covid lockdown ends,when covid will be over
when covid will end,will covid end soon
when covid will end,when covid will be over
will covid end soon,when covid will be over
how long will it take for scientists to develop a vaccine to covid,has the covid vaccine been found
how long will it take for scientists to develop a vaccine to covid,is there a vaccine drug or treatment for covid
how long will it take for scientists to develop a vaccine to covid,are there any vaccines or other medical products to prevent covid
has the covid vaccine been found,is there a vaccine drug or treatment for covid
has the covid vaccine been found,are there any vaccines or other medical products to prevent covid
is there a vaccine drug or treatment for covid,are there any vaccines or other medical products to prevent covid
why is the us struggling so much compared to other countries when it comes to testing for covid,how is the us reaction to the spread of the covid different from chinas
why is the us struggling so much compared to other countries when it comes to testing for covid,why does covid spread fast in the usa what makes it worse
why is the us struggling so much compared to other countries when it comes to testing for covid,why is the covid fatality rate so high in the us compared to china
how is the us reaction to the spread of the covid different from chinas,why does covid spread fast in the usa what makes it worse
how is the us reaction to the spread of the covid different from chinas,why is the covid fatality rate so high in the us compared to china
why does covid spread fast in the usa what makes it worse,why is the covid fatality rate so high in the us compared to china
will covid go away in the summer,given the evidence so far will covid most likely go away in the summer
will covid go away in the summer,will covid come back in the fall
will covid go away in the summer,will covid be seasonal
given the evidence so far will covid most likely go away in the summer,will covid come back in the fall
given the evidence so far will covid most likely go away in the summer,will covid be seasonal
will covid come back in the fall,will covid be seasonal
will covid return next year,how come covid is going to come back after it goes away for a time
will covid return next year,will covid come back
will covid return next year,will covid be a problem next year
how come covid is going to come back after it goes away for a time,will covid come back
how come covid is going to come back after it goes away for a time,will covid be a problem next year
will covid come back,will covid be a problem next year
what is the number of victims worldwide due to covid,world covid death toll
what is the number of victims worldwide due to covid,what approximately is the actual mortality rate for covid
what is the number of victims worldwide due to covid,who covid mortality rate
world covid death toll,what approximately is the actual mortality rate for covid
world covid death toll,who covid mortality rate
what approximately is the actual mortality rate for covid,who covid mortality rate
is there a test for covid,how are people tested for covid
is there a test for covid,where can i get tested for covid
is there a test for covid,are covid tests available
how are people tested for covid,where can i get tested for covid
how are people tested for covid,are covid tests available
where can i get tested for covid,are covid tests available
is covid that bad,is the fear around the covid overblown justified or too early to say
is covid that bad,how concerned are you about the covid that causes covid
is covid that bad,are you worried about covid
is the fear around the covid overblown justified or too early to say,how concerned are you about the covid that causes covid
is the fear around the covid overblown justified or too early to say,are you worried about covid
how concerned are you about the covid that causes covid,are you worried about covid
can covid be cured,do covid have a cure
can covid be cured,is there any cure for covid
can covid be cured,do covid have cure
do covid have a cure,is there any cure for covid
do covid have a cure,do covid have cure
is there any cure for covid,do covid have cure
do covid symptoms come on suddenly,do covid symptoms come on fast
do covid symptoms come on suddenly,are covid symptoms sudden
do covid symptoms come on suddenly,do covid symptoms come on quickly
do covid symptoms come on fast,are covid symptoms sudden
do covid symptoms come on fast,do covid symptoms come on quickly
are covid symptoms sudden,do covid symptoms come on quickly
what is the rate of recovery from the covid virus,does covid go away
what is the rate of recovery from the covid virus,can old people with covid survive
what is the rate of recovery from the covid virus,is covid deadly
does covid go away,can old people with covid survive
does covid go away,is covid deadly
can old people with covid survive,is covid deadly
how long does covid live on produce,does covid live on surfaces
how long does covid live on produce,is it safe to receive a package from any area where covid has been reported
how long does covid live on produce,can covid live on paper
does covid live on surfaces,is it safe to receive a package from any area where covid has been reported
does covid live on surfaces,can covid live on paper
is it safe to receive a package from any area where covid has been reported,can covid live on paper
should i get a face mask,should i use a mask
should i get a face mask,should children wear masks
should i get a face mask,should i purchase personal protective equipment for me and my family
should i use a mask,should children wear masks
should i use a mask,should i purchase personal protective equipment for me and my family
should children wear masks,should i purchase personal protective equipment for me and my family
can i make my own hand sanitizer,should i make my own hand sanitizer if i cant find it in the stores
can i make my own hand sanitizer,can i use vodka as hand sanitizer
can i make my own hand sanitizer,if i cant find hand sanitizer in the store can i make my own
should i make my own hand sanitizer if i cant find it in the stores,can i use vodka as hand sanitizer
should i make my own hand sanitizer if i cant find it in the stores,if i cant find hand sanitizer in the store can i make my own
can i use vodka as hand sanitizer,if i cant find hand sanitizer in the store can i make my own
how do you wash vegetables and fruits these days of the covid epidemic,is grocery shopping safe during the covid pandemic
how do you wash vegetables and fruits these days of the covid epidemic,what is the best way to handle groceries during covid
how do you wash vegetables and fruits these days of the covid epidemic,because of the covid pandemic do you wash your groceries
is grocery shopping safe during the covid pandemic,what is the best way to handle groceries during covid
is grocery shopping safe during the covid pandemic,because of the covid pandemic do you wash your groceries
what is the best way to handle groceries during covid,because of the covid pandemic do you wash your groceries
can animals carry the virus that causes covid on their skin or fur,can humans become infected with the covid from an animal source
can animals carry the virus that causes covid on their skin or fur,can i get covid from my pets or other animals
can animals carry the virus that causes covid on their skin or fur,are pets from a shelter safe to adopt
can humans become infected with the covid from an animal source,can i get covid from my pets or other animals
can humans become infected with the covid from an animal source,are pets from a shelter safe to adopt
can i get covid from my pets or other animals,are pets from a shelter safe to adopt
can covid be caught from a person who has no symptoms,are covid carriers contagious
can covid be caught from a person who has no symptoms,can someone spread the virus without being sick
can covid be caught from a person who has no symptoms,can i catch the virus from being in an enclosed space in close proximity to someone who doesnt have respiratory symptoms
are covid carriers contagious,can someone spread the virus without being sick
are covid carriers contagious,can i catch the virus from being in an enclosed space in close proximity to someone who doesnt have respiratory symptoms
can someone spread the virus without being sick,can i catch the virus from being in an enclosed space in close proximity to someone who doesnt have respiratory symptoms
what steps should parents take to protect children during a community outbreak,how can i protect my child from a covid infection
what steps should parents take to protect children during a community outbreak,what steps should parents take to protect children
what steps should parents take to protect children during a community outbreak,how can i protect my child from covid infection
how can i protect my child from a covid infection,what steps should parents take to protect children
how can i protect my child from a covid infection,how can i protect my child from covid infection
what steps should parents take to protect children,how can i protect my child from covid infection
who is at risk of developing severe illness,if i vape tobacco or nicotine am i at risk for complications from covid
who is at risk of developing severe illness,is covid killing more liberals or conservatives
who is at risk of developing severe illness,is obesity a top risk factor in covid hospitalizations
if i vape tobacco or nicotine am i at risk for complications from covid,is covid killing more liberals or conservatives
if i vape tobacco or nicotine am i at risk for complications from covid,is obesity a top risk factor in covid hospitalizations
is covid killing more liberals or conservatives,is obesity a top risk factor in covid hospitalizations
what are the treatments for covid,how should you treat the covid at home
what are the treatments for covid,which are the medicines currently being used to treat covid
what are the treatments for covid,are there any fda approved drug products or medicines to treat covid
how should you treat the covid at home,which are the medicines currently being used to treat covid
how should you treat the covid at home,are there any fda approved drug products or medicines to treat covid
which are the medicines currently being used to treat covid,are there any fda approved drug products or medicines to treat covid
besides covid testing how do you distinguish between the flu and covid,how can we distinguish covid from flu as a patient
besides covid testing how do you distinguish between the flu and covid,is it covid or something else
besides covid testing how do you distinguish between the flu and covid,how do i know if it is covid or just the common flu
how can we distinguish covid from flu as a patient,is it covid or something else
how can we distinguish covid from flu as a patient,how do i know if it is covid or just the common flu
is it covid or something else,how do i know if it is covid or just the common flu
what advice should we follow against covid,whats the best way to prevent covid
what advice should we follow against covid,what can i do to protect myself and prevent the spread of disease
what advice should we follow against covid,how are you avoiding gaining the covid
whats the best way to prevent covid,what can i do to protect myself and prevent the spread of disease
whats the best way to prevent covid,how are you avoiding gaining the covid
what can i do to protect myself and prevent the spread of disease,how are you avoiding gaining the covid
what alternatives do i have if there are no hand sanitizers available,should i use soap and water or a hand sanitizer to protect against covid
what alternatives do i have if there are no hand sanitizers available,how effective are alternative disinfection methods
what alternatives do i have if there are no hand sanitizers available,what cleaning products should i use to protect against covid
should i use soap and water or a hand sanitizer to protect against covid,how effective are alternative disinfection methods
should i use soap and water or a hand sanitizer to protect against covid,what cleaning products should i use to protect against covid
how effective are alternative disinfection methods,what cleaning products should i use to protect against covid
can you catch a covid more than once,are covid survivors immune
can you catch a covid more than once,can you get covid twice or does it cause immunity
can you catch a covid more than once,after recovering from covid does a person have long term immunity to the virus
are covid survivors immune,can you get covid twice or does it cause immunity
are covid survivors immune,after recovering from covid does a person have long term immunity to the virus
can you get covid twice or does it cause immunity,after recovering from covid does a person have long term immunity to the virus
is any disinfectant injection available for covid,should i spray myself or my kids with disinfectant
is any disinfectant injection available for covid,can disinfectant sprays or wipes be used on my skin injected inhaled or ingested to prevent or treat covid
is any disinfectant injection available for covid,will ingesting or injecting disinfectants protect me against covid or kill covid if i already have it
should i spray myself or my kids with disinfectant,can disinfectant sprays or wipes be used on my skin injected inhaled or ingested to prevent or treat covid
should i spray myself or my kids with disinfectant,will ingesting or injecting disinfectants protect me against covid or kill covid if i already have it
can disinfectant sprays or wipes be used on my skin injected inhaled or ingested to prevent or treat covid,will ingesting or injecting disinfectants protect me against covid or kill covid if i already have it
can plasma from covid survivors treat others,how successful was plasma therapy against covid
can plasma from covid survivors treat others,why is convalescent plasma being investigated to treat covid
can plasma from covid survivors treat others,will convalescent plasma therapy be the answer to covid
how successful was plasma therapy against covid,why is convalescent plasma being investigated to treat covid
how successful was plasma therapy against covid,will convalescent plasma therapy be the answer to covid
why is convalescent plasma being investigated to treat covid,will convalescent plasma therapy be the answer to covid
who do you believe about using hydroxychloroquine to treat covid,evidence of hydroxychloroquine(hcq) being anti inflammatory in covid critically ill patients with elevated plasma cytokines
who do you believe about using hydroxychloroquine to treat covid,are hydroxychloroquine and azithromycin the best treatment protocol for covid
who do you believe about using hydroxychloroquine to treat covid,are there data showing that chloroquine phosphate or hydroxychloroquine sulfate might benefit patients with covid
evidence of hydroxychloroquine(hcq) being anti inflammatory in covid critically ill patients with elevated plasma cytokines,are hydroxychloroquine and azithromycin the best treatment protocol for covid
evidence of hydroxychloroquine(hcq) being anti inflammatory in covid critically ill patients with elevated plasma cytokines,are there data showing that chloroquine phosphate or hydroxychloroquine sulfate might benefit patients with covid
are hydroxychloroquine and azithromycin the best treatment protocol for covid,are there data showing that chloroquine phosphate or hydroxychloroquine sulfate might benefit patients with covid
is it true that o+ blood types are immune to the covid,are certain blood types more resistant to acquiring the covid when exposed than others
is it true that o+ blood types are immune to the covid,has the link between blood group and the severity of covid effects been confirmed
is it true that o+ blood types are immune to the covid,are some blood types able to fight this covid better than other blood types
are certain blood types more resistant to acquiring the covid when exposed than others,has the link between blood group and the severity of covid effects been confirmed
are certain blood types more resistant to acquiring the covid when exposed than others,are some blood types able to fight this covid better than other blood types
has the link between blood group and the severity of covid effects been confirmed,are some blood types able to fight this covid better than other blood types
is it possible to spread the covid after recovering from it,how long is someone infectious after recovery from covid symptoms
is it possible to spread the covid after recovering from it,can someone who has had covid spread the illness to others
is it possible to spread the covid after recovering from it,how long is someone contagious after getting covid
how long is someone infectious after recovery from covid symptoms,can someone who has had covid spread the illness to others
how long is someone infectious after recovery from covid symptoms,how long is someone contagious after getting covid
can someone who has had covid spread the illness to others,how long is someone contagious after getting covid
what would you do if you found out you had covid,what do i do if i think im sick
what would you do if you found out you had covid,what should i do if i had close contact with someone who has covid
what would you do if you found out you had covid,what should you do if you suspect you have covid
what do i do if i think im sick,what should i do if i had close contact with someone who has covid
what do i do if i think im sick,what should you do if you suspect you have covid
what should i do if i had close contact with someone who has covid,what should you do if you suspect you have covid
how are you coping during the covid crisis,how can i ease my anxiety during pandemics
how are you coping during the covid crisis,what are your tips for staying productive while staying home during the covid pandemic
how are you coping during the covid crisis,what are some useful tips for working at home due to the covid
how can i ease my anxiety during pandemics,what are your tips for staying productive while staying home during the covid pandemic
how can i ease my anxiety during pandemics,what are some useful tips for working at home due to the covid
what are your tips for staying productive while staying home during the covid pandemic,what are some useful tips for working at home due to the covid
is it imperative to be tested for covid,should i be tested for covid
is it imperative to be tested for covid,who should get tested for covid
is it imperative to be tested for covid,when to get tested for covid
should i be tested for covid,who should get tested for covid
should i be tested for covid,when to get tested for covid
who should get tested for covid,when to get tested for covid
can household pets become infected with covid and then transmit it to other pets and human beings,which animals are immune covid
can household pets become infected with covid and then transmit it to other pets and human beings,what animals can carry covid
can household pets become infected with covid and then transmit it to other pets and human beings,what animals can get covid
which animals are immune covid,what animals can carry covid
which animals are immune covid,what animals can get covid
what animals can carry covid,what animals can get covid
what kind of masks are recommended to protect healthcare workers from covid exposure,are kn 95 masks effective for covid
what kind of masks are recommended to protect healthcare workers from covid exposure,what type of face mask is recommended to prevent catching covid
what kind of masks are recommended to protect healthcare workers from covid exposure,which covid mask works
are kn 95 masks effective for covid,what type of face mask is recommended to prevent catching covid
are kn 95 masks effective for covid,which covid mask works
what type of face mask is recommended to prevent catching covid,which covid mask works
how long did it take to identify the cause of covid,when was covid first identified
how long did it take to identify the cause of covid,where was covid first identified
how long did it take to identify the cause of covid,where and when was covid first identified
when was covid first identified,where was covid first identified
when was covid first identified,where and when was covid first identified
where was covid first identified,where and when was covid first identified
how are covid and sars cov similar,how much similarity the covid genome sequence has with sars cov
how are covid and sars cov similar,which covid is sars
how are covid and sars cov similar,whats the difference between covid and sars cov 2
how much similarity the covid genome sequence has with sars cov,which covid is sars
how much similarity the covid genome sequence has with sars cov,whats the difference between covid and sars cov 2
which covid is sars,whats the difference between covid and sars cov 2
what lasting health impact will covid have on those who recover from covid,does covid cause permanent lung damage
what lasting health impact will covid have on those who recover from covid,do covid effects last forever
what lasting health impact will covid have on those who recover from covid,does covid cause irreversible damage to the respiratory system
does covid cause permanent lung damage,do covid effects last forever
does covid cause permanent lung damage,does covid cause irreversible damage to the respiratory system
do covid effects last forever,does covid cause irreversible damage to the respiratory system
should covid patients take ibuprofen,why is it being advised to not take ibuprofen if one has covid
should covid patients take ibuprofen,should covid patients avoid taking ibuprofen
should covid patients take ibuprofen,should covid patients avoid ibuprofen
why is it being advised to not take ibuprofen if one has covid,should covid patients avoid taking ibuprofen
why is it being advised to not take ibuprofen if one has covid,should covid patients avoid ibuprofen
should covid patients avoid taking ibuprofen,should covid patients avoid ibuprofen
which covid symptom is first,what are the early symptoms of the covid
which covid symptom is first,which covid symptoms come first
which covid symptom is first,which covid symptoms appear first
what are the early symptoms of the covid,which covid symptoms come first
what are the early symptoms of the covid,which covid symptoms appear first
which covid symptoms come first,which covid symptoms appear first
why of all the history of the plagues is covid more complex and deadlier,why covid is dangerous
why of all the history of the plagues is covid more complex and deadlier,why is covid so fearful
why of all the history of the plagues is covid more complex and deadlier,why covid dangerous
why covid is dangerous,why is covid so fearful
why covid is dangerous,why covid dangerous
why is covid so fearful,why covid dangerous
is this covid the beginning of the end for america as we know it,is the covid virus a sign of an upcoming apocalypse
is this covid the beginning of the end for america as we know it,will covid end the world
is this covid the beginning of the end for america as we know it,will covid last until everyone dies and humans go extinct
is the covid virus a sign of an upcoming apocalypse,will covid end the world
is the covid virus a sign of an upcoming apocalypse,will covid last until everyone dies and humans go extinct
will covid end the world,will covid last until everyone dies and humans go extinct
what is the difference between seasonal flu and covid,how different is the covid from a common flu
what is the difference between seasonal flu and covid,why covid is different than the flu
what is the difference between seasonal flu and covid,why covid is not the flu
how different is the covid from a common flu,why covid is different than the flu
how different is the covid from a common flu,why covid is not the flu
why covid is different than the flu,why covid is not the flu
what happened to covid 1 18 and will there be a covid 20,was there a covid 18 before covid
what happened to covid 1 18 and will there be a covid 20,how does covid vary from covid18 or covid17
what happened to covid 1 18 and will there be a covid 20,was there a covid 18
was there a covid 18 before covid,how does covid vary from covid18 or covid17
was there a covid 18 before covid,was there a covid 18
how does covid vary from covid18 or covid17,was there a covid 18
is china being truthful about the number of deaths due to the covid or is it much higher,is chinas very high recovery rate from covid really accurate
is china being truthful about the number of deaths due to the covid or is it much higher,is china lying about covid
is china being truthful about the number of deaths due to the covid or is it much higher,does china give correct information to other countries on covid
is chinas very high recovery rate from covid really accurate,is china lying about covid
is chinas very high recovery rate from covid really accurate,does china give correct information to other countries on covid
is china lying about covid,does china give correct information to other countries on covid
what is the best thing that has happened to you during the covid lockdown period,how will the covid pandemic benefit society in the long run
what is the best thing that has happened to you during the covid lockdown period,what are the positive impacts of the covid crisis
what is the best thing that has happened to you during the covid lockdown period,is there some good news regarding covid
how will the covid pandemic benefit society in the long run,what are the positive impacts of the covid crisis
how will the covid pandemic benefit society in the long run,is there some good news regarding covid
what are the positive impacts of the covid crisis,is there some good news regarding covid
which sectors would create jobs following the covid pandemic,what business has been affected by covid the most
which sectors would create jobs following the covid pandemic,will most airlines go bankrupt after the covid pandemic
which sectors would create jobs following the covid pandemic,which industries are likely to flourish during the covid pandemic
what business has been affected by covid the most,will most airlines go bankrupt after the covid pandemic
what business has been affected by covid the most,which industries are likely to flourish during the covid pandemic
will most airlines go bankrupt after the covid pandemic,which industries are likely to flourish during the covid pandemic
how has covid affected your everyday life,how has covid affected your job or career so far
how has covid affected your everyday life,how has the covid affected you
how has covid affected your everyday life,how has covid impacted you so far
how has covid affected your job or career so far,how has the covid affected you
how has covid affected your job or career so far,how has covid impacted you so far
how has the covid affected you,how has covid impacted you so far
what damage to the economy will covid cause,how could the covid outbreak trigger a major economic recession in the us
what damage to the economy will covid cause,what is the impact of covid on the global economy
what damage to the economy will covid cause,how will global trade change due to covid
how could the covid outbreak trigger a major economic recession in the us,what is the impact of covid on the global economy
how could the covid outbreak trigger a major economic recession in the us,how will global trade change due to covid
what is the impact of covid on the global economy,how will global trade change due to covid
should china be held responsible for the financial and economic liability other countries have suffered due to the covid pandemic,why doesnt china apologize for causing covid
should china be held responsible for the financial and economic liability other countries have suffered due to the covid pandemic,excepting president donald trump as an answer what person or organization is most responsible for the rapid spread of the covid virus pandemic
should china be held responsible for the financial and economic liability other countries have suffered due to the covid pandemic,who is in charge for the covid outbreak
why doesnt china apologize for causing covid,excepting president donald trump as an answer what person or organization is most responsible for the rapid spread of the covid virus pandemic
why doesnt china apologize for causing covid,who is in charge for the covid outbreak
excepting president donald trump as an answer what person or organization is most responsible for the rapid spread of the covid virus pandemic,who is in charge for the covid outbreak
how can china lower the spreading of covid,how do you think china has recovered from covid so quickly while the rest of the world is struggling
how can china lower the spreading of covid,what is china doing to stop the spread of covid
how can china lower the spreading of covid,how has china gotten covid under control
how do you think china has recovered from covid so quickly while the rest of the world is struggling,what is china doing to stop the spread of covid
how do you think china has recovered from covid so quickly while the rest of the world is struggling,how has china gotten covid under control
what is china doing to stop the spread of covid,how has china gotten covid under control
how can people not believe the covid is real,why are so many people not taking the covid threat seriously
how can people not believe the covid is real,why are people visiting the beaches during the covid crisis
how can people not believe the covid is real,why are people still going outside with their kids when its not safe (covid)
why are so many people not taking the covid threat seriously,why are people visiting the beaches during the covid crisis
why are so many people not taking the covid threat seriously,why are people still going outside with their kids when its not safe (covid)
why are people visiting the beaches during the covid crisis,why are people still going outside with their kids when its not safe (covid)
what investment strategies will be promising after the covid outbreak ends,where should we invest after covid ends
what investment strategies will be promising after the covid outbreak ends,with the stock market down due to the covid is it a good time to buy or sell your stocks
what investment strategies will be promising after the covid outbreak ends,what are some investments that can be profitable during the covid pandemic
where should we invest after covid ends,with the stock market down due to the covid is it a good time to buy or sell your stocks
where should we invest after covid ends,what are some investments that can be profitable during the covid pandemic
with the stock market down due to the covid is it a good time to buy or sell your stocks,what are some investments that can be profitable during the covid pandemic
in light of the covid pandemic is trump more likely to be re elected,will the covid affect president donald trumps re election
in light of the covid pandemic is trump more likely to be re elected,how much of a factor will the covid be in the 2020 presidential election
in light of the covid pandemic is trump more likely to be re elected,did covid cost trump his second term
will the covid affect president donald trumps re election,how much of a factor will the covid be in the 2020 presidential election
will the covid affect president donald trumps re election,did covid cost trump his second term
how much of a factor will the covid be in the 2020 presidential election,did covid cost trump his second term
how is the it industry coping with the covid situation,how have the large tech companies been affected by covid
how is the it industry coping with the covid situation,will there be a lot of layoffs in the tech industry due to the covid pandemic
how is the it industry coping with the covid situation,what would be the impact of covid on the it industry globally
how have the large tech companies been affected by covid,will there be a lot of layoffs in the tech industry due to the covid pandemic
how have the large tech companies been affected by covid,what would be the impact of covid on the it industry globally
will there be a lot of layoffs in the tech industry due to the covid pandemic,what would be the impact of covid on the it industry globally
what are you doing to spend time while staying home due to covid,if you were quarantined due to the covid virus what would you do to entertain yourself
what are you doing to spend time while staying home due to covid,what are things to do at home during the covid shut down period which will be useful later
what are you doing to spend time while staying home due to covid,what are suggestions for things to do in the covid quarantine
if you were quarantined due to the covid virus what would you do to entertain yourself,what are things to do at home during the covid shut down period which will be useful later
if you were quarantined due to the covid virus what would you do to entertain yourself,what are suggestions for things to do in the covid quarantine
what are things to do at home during the covid shut down period which will be useful later,what are suggestions for things to do in the covid quarantine
has president trump failed america throughout the covid outbreak,what do trump supporters think of his handling of covid
has president trump failed america throughout the covid outbreak,is the united states preparedness for covid trumps fault
has president trump failed america throughout the covid outbreak,are americans going to blame trump for the covid situation
what do trump supporters think of his handling of covid,is the united states preparedness for covid trumps fault
what do trump supporters think of his handling of covid,are americans going to blame trump for the covid situation
is the united states preparedness for covid trumps fault,are americans going to blame trump for the covid situation
are kids getting affected by covid,are children immuned to the new covid
are kids getting affected by covid,are children as likely to get covid as adults
are kids getting affected by covid,can a young and healthy person die from a covid infection
are children immuned to the new covid,are children as likely to get covid as adults
are children immuned to the new covid,can a young and healthy person die from a covid infection
are children as likely to get covid as adults,can a young and healthy person die from a covid infection
why are stock markets dipping in response to covid,what is it that is making the stock market even better amid the covid pandemic
why are stock markets dipping in response to covid,how will covid affect the financial market
why are stock markets dipping in response to covid,why and how is covid affecting the stock market
what is it that is making the stock market even better amid the covid pandemic,how will covid affect the financial market
what is it that is making the stock market even better amid the covid pandemic,why and how is covid affecting the stock market
how will covid affect the financial market,why and how is covid affecting the stock market
how can the world hold china financially liable for the covid global pandemic,will the usa sue china for covid pandemic
how can the world hold china financially liable for the covid global pandemic,will the chinese government be held accountable in any way for the covid virus epidemic
how can the world hold china financially liable for the covid global pandemic,what sort of penalty should china pay for causing covid
will the usa sue china for covid pandemic,will the chinese government be held accountable in any way for the covid virus epidemic
will the usa sue china for covid pandemic,what sort of penalty should china pay for causing covid
will the chinese government be held accountable in any way for the covid virus epidemic,what sort of penalty should china pay for causing covid
what happens if lockdown cant prevent from covid for a whole year especially that there is no vaccine and cure,without a vaccine will the covid outbreak ever end
what happens if lockdown cant prevent from covid for a whole year especially that there is no vaccine and cure,what if the us fails to contain covid
what happens if lockdown cant prevent from covid for a whole year especially that there is no vaccine and cure,what could happen if the cure for covid is not found
without a vaccine will the covid outbreak ever end,what if the us fails to contain covid
without a vaccine will the covid outbreak ever end,what could happen if the cure for covid is not found
what if the us fails to contain covid,what could happen if the cure for covid is not found
is the covid curve flattening,are we winning the war against covid
is the covid curve flattening,how effective is the measure of social distancing in the fight against covid
is the covid curve flattening,are we flattening the curve of covid successfully
are we winning the war against covid,how effective is the measure of social distancing in the fight against covid
are we winning the war against covid,are we flattening the curve of covid successfully
how effective is the measure of social distancing in the fight against covid,are we flattening the curve of covid successfully
is there any justification or rationalization for trump saying to inject disinfectant into your body to treat covid,did donald trump really suggest injecting disinfectant to fight covid
is there any justification or rationalization for trump saying to inject disinfectant into your body to treat covid,what do you think of trumps idea to inject disinfectant into your body as a cure for covid
is there any justification or rationalization for trump saying to inject disinfectant into your body to treat covid,what are peoples impressions about president trump claiming he was being sarcastic when musing whether people should inject disinfectant to defeat covid
did donald trump really suggest injecting disinfectant to fight covid,what do you think of trumps idea to inject disinfectant into your body as a cure for covid
did donald trump really suggest injecting disinfectant to fight covid,what are peoples impressions about president trump claiming he was being sarcastic when musing whether people should inject disinfectant to defeat covid
what do you think of trumps idea to inject disinfectant into your body as a cure for covid,what are peoples impressions about president trump claiming he was being sarcastic when musing whether people should inject disinfectant to defeat covid
how many deaths do you expect from the covid when the pandemic is finally over,can covid reduce the population of humans on earth by half
how many deaths do you expect from the covid when the pandemic is finally over,what is the realistic health impact of covid
how many deaths do you expect from the covid when the pandemic is finally over,will covid ultimately kill 1000000 in the us
can covid reduce the population of humans on earth by half,what is the realistic health impact of covid
can covid reduce the population of humans on earth by half,will covid ultimately kill 1000000 in the us
what is the realistic health impact of covid,will covid ultimately kill 1000000 in the us
if the h1n1 vaccine was developed so quickly why does the covid vaccine take so much time,if regular flu vaccines can be produced each year why does the covid vaccine need 12 18 months
if the h1n1 vaccine was developed so quickly why does the covid vaccine take so much time,why is the vaccine for covid taking so long
if the h1n1 vaccine was developed so quickly why does the covid vaccine take so much time,why is there no vaccine for the covid virus
if regular flu vaccines can be produced each year why does the covid vaccine need 12 18 months,why is the vaccine for covid taking so long
if regular flu vaccines can be produced each year why does the covid vaccine need 12 18 months,why is there no vaccine for the covid virus
why is the vaccine for covid taking so long,why is there no vaccine for the covid virus
