when covid end,42
what is the official end date to covid,42
when covid is over,42
will covid stay and last forever,42
will covid end,42
how long will social distancing for covid last,42
will covid ever go away,42
when covid over,42
when will life get back to normal after the onset of covid,42
how long will we have to keep social distancing,42
will covid ever end,42
when will covid end and covid 20 start,42
is covid likely to be at pandemic proportions for two years,42
will covid disappear,42
will covid be gone by summer,42
how long do you think the covid pandemic will last in america,42
will covid go away,42
when covid will stop,42
how long will we be on lockdown for covid,42
when will the covid virus end,42
when covid ends,42
will covid die out,42
will covid go away in spring,42
will covid be gone this year,42
am i at risk for serious complications from covid if i smoke cigarettes,92
are pregnant women more susceptible to the covid virus and will it harm the fetus,92
is covid more serious if you smoke and do people who vape face the same or less risks,92
would atheists be more likely to get covid,92
what is the risk of my child becoming sick with covid,92
how much more susceptible are smokers to succumbing to covid,92
who is covid killing,92
is covid especially harmful for pregnant women,92
who is at higher risk,92
is covid dangerous for those who vape,92
who is at greater risk of dying from covid,92
how does being a smoker impact covid patient outcomes,92
how likely am i to catch covid,92
is asthma a risk factor for covid,92
are smokers or vapers at higher risk,92
is my child with an underlying medical condition or special healthcare need at higher risk for severe illness from covid,92
does a history of smoking tobacco increase ones risk of catching covid,92
are people with disabilities at higher risk,92
are kids more at risk,92
who is at higher risk for serious illness from covid,92
who is the most affected by covid,92
for whom does the covid pose a great threat,92
can covid live on clothes,75
is it safe to receive a package from an area where covid has been reported,75
should i disinfect my groceries,75
how long does covid live on surfaces,75
can covid live on objects,75
can covid live on hair,75
how long does the virus survive on surfaces,75
do i need to wash my clothes right after encountering other people,75
can covid be sent through the mail,75
does covid live on clothes,75
can covid live on surfaces,75
can you get covid from packages,75
how long does covid stay alive on surfaces,75
can you get covid from touching money,75
was covid found in toilet paper,75
can i get covid from a package sent from china,75
should i clean high touch surfaces,75
how long does the covid virus live for under normal conditions,75
am i at risk for covid from mail packages or products,75
does covid live on paper,75
why is covid called a novel virus,39
what is 2019 novel covid,39
how is the covid referred to,39
what covid stands for,39
what covid means,39
what does covid mean,39
what is the acronym covid,39
what covid,39
what is covid disease 2019,39
how covid got its name,39
where does the word covid come from,39
why covid called covid,39
why covid called novel,39
what is covid,39
what covid stand for,39
what does the covid part of covid stand for,39
why is the disease being called covid disease 2019,39
in covid what is the meaning of 19 here,39
what is covid stand for,39
did covid peak,1
are covid cases going down,1
is it true that covid is steadily declining,1
has covid peaked,1
where are we on the covid curve now,1
are covid cases dropping,1
has covid slowed down,1
have covid deaths peaked,1
are covid cases declining,1
have covid cases gone down,1
when will covid reach its peak,1
are covid cases decreasing,1
is covid slowing down,1
is covid getting worse,1
why is the us so far behind other countries with testing,51
how come the infection rate of covid is much higher in the u.s. than it is in china even though china is more compact and populous,51
why does the usa have more confirmed covid cases than china,51
why is the usa so ill equipped to deal with covid when its supposedly the most advanced nation on earth,51
the usa has 5% of the worlds population but about 30% of covid cases despite being the richest nation on the planet where did it go wrong,51
why covid is worse in us,51
why are americans the most affected nation in the world by covid,51
why is the us losing to covid despite being a top big rich country,51
why does the united states have more death due to covid than any other nations in the world,51
what is the holdup with the covid tests for the us,51
does covid survive in freezer,8
what temperature kills the virus that causes covid,8
does covid survive freezing,8
can high or low temperatures kill covid,8
can covid survive cold,8
can covid live in the freezer,8
will high temperatures kill covid,8
does covid die in heat,8
can covid live in heat,8
is there a connection between covid and environment temperature,8
can the heat from a hand dryer kill covid,8
how long will covid survive on items you put in the freezer,8
how is life before covid and after covid,23
what are 5 things that will never be the same because of covid,23
is it possible that life will not return to normal after covid,23
what will be some unexpected outcomes of the 2020 covid pandemic,23
what needs to change once the covid pandemic is over,23
how covid will change the world,23
how will covid affect our generation,23
post covid how can we rebuild a better society,23
what lessons will the world learn from covid,23
will the world go back to normal after the covid is gone,23
how is the new covid disease going to affect the world,23
what are some specific new norms that well see after covid,23
will covid kill us all,387
could covid create world war like conditions,387
what is the likelihood that covid will kill the entire population,387
will we get through covid,387
assuming covid is not over will it end the world and humanity,387
are we all going to die of covid,387
how unlikely is it that covid is the end of humanity as we know it,387
could covid wipe out the human race,387
is covid the beginning of the apocalypse,387
can i get covid from a food worker handling my food,5
will there be animal food shortages,5
can covid spread through food,5
can i get the covid from food food packaging or food containers and preparation area,5
can covid be transmitted through food,5
can i get sick with covid if it is on food,5
can covid live on food,5
is it safe to order take out,5
is the u.s. food supply safe,5
where covid really come from,18
where covid start,18
where covid started,18
did covid really originate from the province of china or just get discovered there,18
where covid come from,18
where did covid originate,18
how did the covid virus appear,18
where covid came from,18
where covid originate,18
was covid created,12
was covid created in a lab,12
was covid manufactured,12
did covid escape from a research lab,12
did covid come from a lab,12
was covid man made,12
is covid man made,12
is covid a man made virus,12
how was covid created,12
is covid weaponized,37
was covid a bio weapon,37
was covid weaponized,37
was covid planned,37
is covid a bioweapon,37
is covid bioterrorism,37
was covid released on purpose,37
is covid bio engineered,37
for the sake of discussion what do you think the chances are of covid being a biologically engineered weapon,37
do people who recovered from covid infection develop resistance against subsequent infections,100
has anyone gotten covid twice (re infected),100
is it true that even if you already had the covid you can get it again,100
has anyone that recovered from covid been reinfected,100
can one be immune to covid,100
can people who recover from covid be infected again,100
have the people who were sickened with covid developed immunity,100
can covid reinfect,100
how can the covid spread,22
how covid spreads,22
how is the novel covid spread,22
how is covid spread,22
how does covid get spread,22
how covid is transmitted,22
what are ways in which covid is transmitted,22
is covid a pandemic,28
why is covid called a pandemic and not an epidemic,28
does cdc recommend the use of facemask or face coverings to prevent covid,79
should i wear a face mask in public,79
should i wear a facemask,79
until when should i wear a mask after recovering from an illness with respiratory symptoms,79
can wearing a face mask prevent covid,79
do masks help prevent the spread of covid,79
should i wear a face covering or face mask when i go out in public,79
should i wear a mask to protect myself,79
how can i prevent covid,97
how do we protect ourselves,97
how can we take precaution to stop covid,97
how do i stop covid,97
how do i keep safe from covid,97
how can i make sure to not get affected with the novel covid virus,97
does alcohol kill covid,99
may health care providers prescribe chloroquine phosphate or hydroxychloroquine sulfate off label to treat patients with covid,116
what is the effect of chloroquine(cq) and hydroxychloroquine(hcq) on endosomal maturation and endocytosis in covid treatment,116
in vitro comparison of antiviral activity of chloroquine(cq) and hydroxychloroquine(hcq) against covid,116
has chloroquine been found to be effective against covid,116
what is hydroxylchloroquine and is it effective in the treatment of covid,116
do chloroquine and azithromycin really work to handle severe cases of covid,116
are chloroquine phosphate or hydroxychloroquine sulfate approved by the fda to treat covid,116
what is trumps motivation for promoting hydroxychloroquine as a covid treatment,116
will covid mutate,7
can covid mutate,7
has covid mutated,7
is covid mutating,7
what is the rate of mutation in the covid,7
did covid mutate,7
did covid come from animals,11
did covid start with bats,11
did covid come from pangolin,11
did covid come from bats,11
did covid come from a bat,11
in what species did the covid virus likely originate,11
how covid is tested,26
what kind of test can diagnose covid,26
how is covid diagnosed,26
how covid test is done,26
in addition to oral swabs which tests detected the presence of covid virus,26
how is covid tested,26
how is the covid virus more dangerous than the regular flu,29
will the covid be as bad as the 1918 spanish flu pandemic that infected 500000000 people,29
is covid worse than flu,29
is covid worse than the flu,29
is covid worse than spanish flu,29
is covid more contagious than the flu,29
why covid is worse than flu,29
is there a vaccine for the covid,43
how soon will a vaccine for covid be ready,43
when covid vaccine,43
what is the current status of the covid vaccine,43
is there a vaccine,43
is it true that covid has a less than 1% fatality rate,56
compared to past pandemics how deadly is covid,56
who covid deaths,56
can someone contract covid and not die,56
what is the covid fatality rate,56
is it safe to do grocery shopping in costco amidst covid,81
how do i prevent getting infected with covid from delivered packages and groceries,81
what are the most important things i need to know to keep myself and others safe when i go to the grocery store during the pandemic,81
can i go to the supermarket,81
how destructive has covid been for the world economy,434
is covid an economic pandemic,434
how badly has the world economy shuddered so far because of the covid outbreak,434
will covid trigger a global recession,434
is the global economy headed for recession in 2020 because of covid,434
will covid cause a global economic collapse that is worse than the great recession of 2008,434
is a recession due to the covid inevitable,434
is it true that when they test for covid that they cannot specifically determine if it is covid or not,4
are covid tests reliable,4
do covid antibody tests work,4
are covid test accurate,4
are covid tests accurate,4
are covid antibody tests accurate,4
is there a risk of a second wave of covid like the second wave of the spanish flu which killed more people compared to the first wave,55
if president trump opens the economy will we see a second wave of covid,55
will there be a second wave of the covid infection,55
do you think the covid outbreak is really serious,58
are you afraid of the covid virus,58
since covid came out has it scared you,58
should i worry about covid,58
are you panicking over the covid,58
how scared are you about covid,58
what treatments are available for covid,94
what covid feels like,17
what are the symptoms of covid,17
what are the most common symptoms of covid,17
does covid have any neurological symptoms,17
what covid symptoms,17
why covid happened,24
what covid does,25
what covid do,25
how covid affects the body,25
how covid works,25
how does the covid virus cause death in the infected patient,25
what animal species can get covid,216
does covid kill animals,216
how deadly is covid to pets,216
which animal gave covid,216
what types of animals are susceptible to covid,216
how can my family cope with the added stress,183
how do we cope with stress during covid,183
how do i stay positive with covid,183
how can i be happy sane and productive amid the covid lockdown,183
what materials are you using to make homemade face masks for covid,296
do covid masks have to be a specific material,296
why is covid much stronger than previous corona viruses,386
why covid so dangerous,386
why is covid nothing like the flu,405
which large restaurant chains will be driven out of business by covid,431
what are some industries that will be completely changed or destroyed by covid,431
what industries will have a huge boost once covid lockdowns end,431
what industries will never be the same because of covid,431
which businesses took an unexpected hit because of covid,431
have covid checks gone out yet,20
have covid checks been mailed,20
have covid checks been sent,20
when covid stimulus checks,20
should covid patients be intubated,32
can a covid patient be treated without a ventilator,32
will covid end in summer,53
does covid die in sunlight,53
will warm weather stop the outbreak of covid,53
is covid seasonal,53
are covid tests available,57
are there any tests that i can purchase to test myself at home for covid,57
how can i get tested for covid,57
where to get tested for covid,57
who is more responsible for covid who or china,436
should china be held responsible for creating the covid panic in the world,436
is the usa responsible for covid or china,436
should china cdc (center for disease control) be responsible for the outbreak of covid,436
why are the naysayers saying the covid isnt real,447
why do some people still ignore that they can get covid virus,447
should people take covid more seriously,447
are covid hoax hypotheses a form of denial based coping,447
is it the right time to invest in the stock market as the market is unstable due to the covid fear,451
which stocks should i buy during the covid outbreak,451
whats something youve enjoyed since covid quarantining,462
what is your routine for the covid holidays,462
how are you planning to spend the next 21 curfew days due to covid,462
how are you using the sudden surplus of time you have due to the covid social distancing and closures,462
is it true that the president has suggested that people inject with disinfectant to cure covid,519
why has trump stated that injecting disinfectant will kill covid in a minute,519
did covid exist years before scientists discovered it,19
has covid always existed,19
why covid kills,21
when was the first case of covid confirmed in the usa,36
if infected with covid can you survive it and recover,65
has anyone actually recovered from the covid virus,65
had covid and recovered,65
can humans get covid from dogs or cats,84
can i get covid from my pet,84
can i get covid from my pet or other animals,84
when was the novel covid first reported,310
when was the first case of covid identified,310
when was sars cov first identified,310
are you confident with the way donald trump is handling the covid epidemic,474
do covid antibodies mean immunity,15
do covid antibodies provide immunity,15
who covid airborne,27
can the virus that causes covid be transmitted through the air,27
theres already had a cure in china of covid is it true,60
do covid symptoms come and go,61
how can someone spread covid when asymptomatic,87
is there reason to believe the covid deaths in china are underreported,428
is there any blessing in disguise from this covid pandemic,430
what is 1 good thing that has happened as a result of covid,430
what are you now avoiding as a result of the covid outbreak,432
what if the covid vaccine is never discovered,506
how will life be changed if in the next generations there is still no vaccine for covid,506
